Country Name,Country Code,Indicator Name,Indicator Code,,2000,2001,2002,2003,2004,2005,2006,2007,2008,2009,2010,2011,2012,2013,2014,2015
Aruba,ABW,"Inflation, consumer prices (annual %)",FP.CPI.TOTL.ZG,,4.044021312,2.883604303,3.315246786,3.656365079,2.529129469,3.397786778,3.608024388,5.392567845,8.955987052,-2.13542872,2.078140719,4.316297422,0.627471993,-2.372065243,0.421440919,0.474763597
Africa Eastern and Southern,AFE,"Inflation, consumer prices (annual %)",FP.CPI.TOTL.ZG,,8.601485149,5.840353983,8.763753664,7.44970014,5.023420686,8.558038022,8.898163802,8.450774806,12.56664466,8.954218024,5.537537916,8.97120641,9.158707155,5.750981334,5.37028961,5.24587835
Afghanistan,AFG,"Inflation, consumer prices (annual %)",FP.CPI.TOTL.ZG,,,,,,,12.68626872,6.78459655,8.680570785,26.41866415,-6.811161089,2.178537524,11.80418581,6.441212809,7.385771784,4.673996035,-0.661709165
Africa Western and Central,AFW,"Inflation, consumer prices (annual %)",FP.CPI.TOTL.ZG,,2.530775167,4.36152914,3.188693302,1.760904101,0.694336306,5.631633514,4.415899842,3.60736768,8.452976233,3.282440376,1.784844205,4.018699075,4.578374635,2.439200761,1.768435821,2.130817381
Angola,AGO,"Inflation, consumer prices (annual %)",FP.CPI.TOTL.ZG,,324.9968716,152.5610225,108.8974361,98.22414366,43.54210675,22.95351385,13.30521018,12.25149745,12.47582913,13.73028393,14.46965649,13.48246792,10.27790492,8.777814293,7.280387304,9.353839725
Albania,ALB,"Inflation, consumer prices (annual %)",FP.CPI.TOTL.ZG,,0.050018136,3.10758827,7.770525834,0.484002612,2.280019169,2.366581957,2.370728319,2.932682482,3.320870904,2.266922095,3.626046956,3.429123247,2.031592684,1.937620802,1.625865044,1.896174026
Andorra,AND,"Inflation, consumer prices (annual %)",FP.CPI.TOTL.ZG,,,,,,,,,,,,,,,,,
Arab World,ARB,"Inflation, consumer prices (annual %)",FP.CPI.TOTL.ZG,,1.853790353,1.772204374,1.83299389,2.712592475,3.63228005,3.493685346,3.544985916,4.74390639,11.27066524,2.920897118,3.911061955,4.753163889,4.611844322,3.238108339,2.773516131,1.814077239
United Arab Emirates,ARE,"Inflation, consumer prices (annual %)",FP.CPI.TOTL.ZG,,,,,,,,,,12.25042024,1.561813174,0.877983288,0.877346596,0.6622689,1.101118364,2.346268657,4.069966084
Argentina,ARG,"Inflation, consumer prices (annual %)",FP.CPI.TOTL.ZG,,,,,,,,,,,,,,,,,
Armenia,ARM,"Inflation, consumer prices (annual %)",FP.CPI.TOTL.ZG,,-0.790883769,3.145904647,1.060049293,4.721553366,6.961261359,0.638928002,2.892356625,4.407360896,8.949953354,3.406766827,8.176361385,7.650008079,2.558020078,5.789667785,2.981308689,3.731691193
American Samoa,ASM,"Inflation, consumer prices (annual %)",FP.CPI.TOTL.ZG,,,,,,,,,,,,,,,,,
Antigua and Barbuda,ATG,"Inflation, consumer prices (annual %)",FP.CPI.TOTL.ZG,,0.771779797,1.402796636,2.407658013,1.993530552,2.030077579,2.098751967,1.787785374,1.416052594,5.333806398,-0.550159996,3.370025402,3.456749672,3.376880443,1.059497824,1.089441574,0.968993459
Australia,AUS,"Inflation, consumer prices (annual %)",FP.CPI.TOTL.ZG,,4.457435148,4.407135362,2.981574539,2.732595966,2.343255225,2.691831683,3.555287737,2.327611289,4.35029855,1.771117166,2.918340027,3.303850156,1.762780156,2.449888641,2.487922705,1.508366722
Austria,AUT,"Inflation, consumer prices (annual %)",FP.CPI.TOTL.ZG,,2.344862854,2.650000773,1.810357878,1.355553709,2.06120618,2.299137856,1.441548511,2.168555288,3.215950332,0.506308828,1.81353439,3.286579149,2.485675622,2.000156169,1.60581183,0.896563335
Azerbaijan,AZE,"Inflation, consumer prices (annual %)",FP.CPI.TOTL.ZG,,1.805003037,1.547195902,2.77116472,2.23386493,6.708930428,9.679507319,8.328924829,16.69975496,20.84908718,1.45704836,5.726872247,7.858333333,1.066213397,2.415717453,1.373441815,4.027685737
Burundi,BDI,"Inflation, consumer prices (annual %)",FP.CPI.TOTL.ZG,,24.43202421,9.296187713,-1.365680053,10.64746457,8.176429375,13.25206992,2.745420002,8.412062858,24.40695104,10.55543553,6.493265915,9.59216606,18.16104531,7.937958075,4.405352342,5.544688913
Belgium,BEL,"Inflation, consumer prices (annual %)",FP.CPI.TOTL.ZG,,2.544517762,2.469258231,1.645214362,1.588964,2.097283112,2.781432637,1.791207701,1.8230563,4.489444205,-0.053145674,2.189299204,3.532082107,2.839663434,1.11309594,0.340002833,0.561429153
Benin,BEN,"Inflation, consumer prices (annual %)",FP.CPI.TOTL.ZG,,4.165404423,3.984295478,2.489162355,1.487242461,0.873890831,5.364520858,3.782176965,1.298068133,7.947298761,0.896072356,2.207835325,2.704239077,6.744682533,0.428888889,-0.548757551,0.218785924
Burkina Faso,BFA,"Inflation, consumer prices (annual %)",FP.CPI.TOTL.ZG,,-0.304212168,5.007432908,2.175694807,2.034565741,-0.400228702,6.415040184,2.333108564,-0.230627306,10.6597979,2.608176664,-0.764230735,2.759767249,3.818152403,0.533738507,-0.258089518,0.724838981
Bangladesh,BGD,"Inflation, consumer prices (annual %)",FP.CPI.TOTL.ZG,,2.208256209,2.007173742,3.332564933,5.668707734,7.587536385,7.046618162,6.765261171,9.106984969,8.901944895,5.423472362,8.126676392,11.39516516,6.217504221,7.530406409,6.991638892,6.19428023
Bulgaria,BGR,"Inflation, consumer prices (annual %)",FP.CPI.TOTL.ZG,,10.31626213,7.360939272,5.810143657,2.348641696,6.147130742,5.038838071,7.261594628,8.40253419,12.3487196,2.753202239,2.438990605,4.219903466,2.954568298,0.890093541,-1.418183803,-0.104633261
Bahrain,BHR,"Inflation, consumer prices (annual %)",FP.CPI.TOTL.ZG,,-0.704852953,-1.207571802,-0.495540139,1.593625498,2.352941176,2.586206897,2.007469655,3.256666667,3.526003164,2.795512836,1.961884683,-0.400040697,2.7573967,3.300011569,2.647553212,1.848627424
"Bahamas, The",BHS,"Inflation, consumer prices (annual %)",FP.CPI.TOTL.ZG,,1.606329417,2.044989775,2.173577925,3.025045263,0.981914037,1.591606181,2.389826274,2.492577949,4.489559954,2.062734735,1.344027384,3.198781417,1.97336756,0.722414785,1.513756431,1.861483029
Bosnia and Herzegovina,BIH,"Inflation, consumer prices (annual %)",FP.CPI.TOTL.ZG,,,,,,,,6.125566156,1.500777106,7.427043103,-0.381464282,1.996212367,3.67125,2.05267452,-0.093045684,-0.897194054,-1.036023034
Belarus,BLR,"Inflation, consumer prices (annual %)",FP.CPI.TOTL.ZG,,168.6202359,61.13493316,42.53754813,28.39783991,18.10824249,10.33887945,6.997129035,8.426752735,14.83787648,12.94565634,7.735748043,53.22869831,59.21973602,18.31226104,18.11955435,13.53448976
Belize,BLZ,"Inflation, consumer prices (annual %)",FP.CPI.TOTL.ZG,,3.067439669,3.651417866,4.240266607,2.318082747,6.394430997,-1.104310444,-7.113767713,2.318082746,6.394431003,-1.104310449,0.917977379,1.602056156,1.300580745,0.509747769,1.201399645,-0.861584009
Bermuda,BMU,"Inflation, consumer prices (annual %)",FP.CPI.TOTL.ZG,,,,,,,,,,,,,,,,,
Bolivia,BOL,"Inflation, consumer prices (annual %)",FP.CPI.TOTL.ZG,,4.608229989,1.589653779,0.928258852,3.337274997,4.437380801,5.393231069,4.282396048,8.705609236,14.00681077,3.346454201,2.503276058,9.884464198,4.515602914,5.736400237,5.766600746,4.059610411
Brazil,BRA,"Inflation, consumer prices (annual %)",FP.CPI.TOTL.ZG,,7.044141059,6.840359025,8.450164377,14.71491972,6.5971851,6.869537209,4.183568129,3.641272991,5.678593903,4.888034799,5.038726901,6.636449622,5.40349914,6.204310666,6.329040155,9.029901024
Barbados,BRB,"Inflation, consumer prices (annual %)",FP.CPI.TOTL.ZG,,2.435813035,2.577834904,0.125249458,1.619433198,1.394422311,6.082187295,7.307662628,4.034229829,8.108108108,3.643861893,5.824218533,9.432202402,4.533347539,1.81410436,1.769503221,-1.112789925
Brunei Darussalam,BRN,"Inflation, consumer prices (annual %)",FP.CPI.TOTL.ZG,,1.558152476,0.595890411,-2.314972425,0.3,0.814223995,1.244437119,0.159888078,0.96777412,2.084980237,1.035717743,0.356869132,0.137911563,0.111766261,0.389205053,-0.207108732,-0.488347421
Bhutan,BTN,"Inflation, consumer prices (annual %)",FP.CPI.TOTL.ZG,,4.012120811,3.414789461,2.455357143,2.572308617,4.105936983,5.312631046,5.00045438,5.156111388,8.327160494,4.361122191,7.036383161,8.848985699,10.91965694,7.006666667,8.271060939,4.548143951
Botswana,BWA,"Inflation, consumer prices (annual %)",FP.CPI.TOTL.ZG,,8.601485149,6.55903767,8.032796625,9.189902656,6.945703637,8.610225285,11.55521879,7.080998472,12.70218839,8.027297031,6.948876587,8.459872334,7.536902611,5.884607071,4.402253092,3.062031696
Central African Republic,CAF,"Inflation, consumer prices (annual %)",FP.CPI.TOTL.ZG,,3.203400916,3.834860602,2.331817035,4.134709052,-2.066406011,2.883520734,6.695264658,0.959917619,9.258950994,3.521262272,1.4910237,1.194475724,5.478295943,6.98879342,14.89868418,1.402970171
Canada,CAN,"Inflation, consumer prices (annual %)",FP.CPI.TOTL.ZG,,2.719439957,2.52512014,2.258394409,2.758563214,1.857258719,2.213552034,2.002025395,2.138383993,2.370270674,0.299466803,1.776871541,2.912135089,1.515678231,0.938291898,1.906635907,1.125241361
Central Europe and the Baltics,CEB,"Inflation, consumer prices (annual %)",FP.CPI.TOTL.ZG,,8.911744187,5.748279817,3.12714223,2.348641696,3.592975942,3.317178244,3.930326038,4.837329283,6.358663802,2.753202239,1.801170221,4.130275626,3.334922677,1.438297872,0.053821313,-0.464499005
Switzerland,CHE,"Inflation, consumer prices (annual %)",FP.CPI.TOTL.ZG,,1.558529197,0.98902033,0.642711507,0.638272931,0.802908731,1.171954203,1.059509283,0.732350603,2.426041171,-0.480481936,0.688238707,0.231349208,-0.692552018,-0.217323155,-0.013202539,-1.143908672
Channel Islands,CHI,"Inflation, consumer prices (annual %)",FP.CPI.TOTL.ZG,,,,,,,,,,,,,,,,,
Chile,CHL,"Inflation, consumer prices (annual %)",FP.CPI.TOTL.ZG,,3.843272957,3.56910053,2.489398167,2.810178757,1.054738714,3.052576214,3.392017337,4.407799384,8.71626873,0.353045178,1.41071108,3.341216943,3.007448402,1.78955554,4.718675279,4.348773532
China,CHN,"Inflation, consumer prices (annual %)",FP.CPI.TOTL.ZG,,0.347811227,0.719125609,-0.731970902,1.127603487,3.824637431,1.776414077,1.649430995,4.816767674,5.92525137,-0.728165251,3.175324753,5.553898923,2.619524326,2.621050017,1.921641628,1.437023809
Cote d'Ivoire,CIV,"Inflation, consumer prices (annual %)",FP.CPI.TOTL.ZG,,2.530775167,4.36152914,3.077264852,3.29680747,1.457988356,3.885830399,2.467191486,1.892006293,6.308527692,1.019504577,1.226456121,4.912433951,1.304511199,2.581170373,0.448682077,1.251499548
Cameroon,CMR,"Inflation, consumer prices (annual %)",FP.CPI.TOTL.ZG,,1.22719013,4.419772459,2.834422601,0.623163557,0.23364738,2.013539502,5.11757816,0.921402246,5.337806276,3.043618479,1.275380462,2.939699463,2.735296775,2.05034718,1.854898504,2.676235314
"Congo, Dem. Rep.",COD,"Inflation, consumer prices (annual %)",FP.CPI.TOTL.ZG,,513.9068437,359.9366143,31.5225826,12.87396572,3.994384008,21.31681672,13.05269497,16.94510065,17.30138457,2.8,7.1,15.31651591,9.721828063,0.808223101,1.243038898,0.744198995
"Congo, Rep.",COG,"Inflation, consumer prices (annual %)",FP.CPI.TOTL.ZG,,-0.881991517,0.055989922,4.378759718,-0.631844987,2.42976608,3.094490115,6.537843953,2.654646451,4.95875092,4.415003748,0.391525011,1.759587043,5.010187731,4.631616197,0.912139545,3.169097968
Colombia,COL,"Inflation, consumer prices (annual %)",FP.CPI.TOTL.ZG,,9.225348186,7.965560903,6.351507288,7.129788629,5.904020055,5.051019627,4.293423636,5.544384858,6.996884956,4.202516612,2.272002279,3.415033448,3.169301888,2.016992243,2.898837878,4.989831158
Comoros,COM,"Inflation, consumer prices (annual %)",FP.CPI.TOTL.ZG,,,5.554593948,3.533042143,3.799081367,4.474992891,3.013323951,3.374363601,4.466167101,1.700781763,4.362348293,3.354757703,1.842663008,6.314744503,-4.294873315,,
Cabo Verde,CPV,"Inflation, consumer prices (annual %)",FP.CPI.TOTL.ZG,,-2.477456685,3.349964723,1.884534101,1.188170386,-1.890821723,0.418891613,5.369076871,4.410997042,6.774435464,0.991103481,2.078664709,4.473883422,2.540396442,1.506542857,-0.238778145,0.131187999
Costa Rica,CRI,"Inflation, consumer prices (annual %)",FP.CPI.TOTL.ZG,,10.96154966,11.25561571,9.167520485,9.447580916,12.31481502,13.79829491,11.47059681,9.357244564,13.42446355,7.842701677,5.662757084,4.87799831,4.495453144,5.231336142,4.519200985,0.801982005
Caribbean small states,CSS,"Inflation, consumer prices (annual %)",FP.CPI.TOTL.ZG,,2.435813035,2.627413142,2.173577925,2.235436644,2.394109821,3.733429165,4.25195322,4.034229829,8.033273277,0.421539126,3.370025402,3.456749672,2.598444141,1.10698554,1.201399645,-0.843826985
Cuba,CUB,"Inflation, consumer prices (annual %)",FP.CPI.TOTL.ZG,,,,,,,,,,,,,,,,,
Curacao,CUW,"Inflation, consumer prices (annual %)",FP.CPI.TOTL.ZG,,,1.792828685,0.391389432,1.633713914,1.379121381,4.117117117,3.114995241,2.995720399,6.876323937,1.753316054,2.779442613,2.332531526,3.183987463,1.332320862,1.498739696,-0.47654205
Cayman Islands,CYM,"Inflation, consumer prices (annual %)",FP.CPI.TOTL.ZG,,,,,,,,,,,,0.276140862,1.325435758,1.188948452,2.160611468,1.273979115,-2.347527702
Cyprus,CYP,"Inflation, consumer prices (annual %)",FP.CPI.TOTL.ZG,,4.141657647,1.973041917,2.801155052,4.139065387,2.286217068,2.560161323,2.30468733,2.372651837,4.669008419,0.326276652,2.430040841,3.289449396,2.3890541,-0.399357676,-1.354988854,-2.096997691
Czechia,CZE,"Inflation, consumer prices (annual %)",FP.CPI.TOTL.ZG,,3.775388292,4.66267557,1.90298097,0.118739206,2.760107817,1.857097891,2.533992583,2.853124372,6.358663802,1.019377353,1.472727273,1.917219136,3.287623066,1.438297872,0.34398859,0.309364548
Germany,DEU,"Inflation, consumer prices (annual %)",FP.CPI.TOTL.ZG,,1.440268387,1.983857313,1.420806156,1.034222186,1.665736967,1.546911148,1.577426428,2.298344007,2.628379816,0.312739007,1.103810378,2.075172837,2.008488848,1.504723303,0.906794,0.514426137
Djibouti,DJI,"Inflation, consumer prices (annual %)",FP.CPI.TOTL.ZG,,,1.74665225,0.637619554,1.981967346,3.122262047,3.104966401,3.483406997,4.965976546,11.95862069,1.675495873,3.950078759,5.068713948,3.731209508,2.706032429,1.341864943,-0.847389734
Dominica,DMA,"Inflation, consumer prices (annual %)",FP.CPI.TOTL.ZG,,0.856946805,1.303894035,0.17005533,1.453368004,2.394109821,1.681900799,2.202391326,3.632221293,6.359921833,0.006263571,2.999366305,1.131231365,1.356771478,-0.046411647,0.799250373,-0.843826985
Denmark,DNK,"Inflation, consumer prices (annual %)",FP.CPI.TOTL.ZG,,2.903282032,2.337870003,2.424436612,2.075078206,1.154356931,1.817814583,1.924221385,1.693265862,3.416267943,1.30470991,2.31092437,2.758682261,2.397914857,0.78907178,0.56402054,0.452034154
Dominican Republic,DOM,"Inflation, consumer prices (annual %)",FP.CPI.TOTL.ZG,,7.724135662,8.883068488,5.223367698,27.44971274,51.46085983,4.190202605,7.572805239,6.143566552,10.6446211,1.442151318,6.329932201,5.796768092,3.694497079,4.830950967,2.998642261,0.836746347
Algeria,DZA,"Inflation, consumer prices (annual %)",FP.CPI.TOTL.ZG,,0.339163189,4.225988349,1.418301923,4.268953958,3.961800303,1.382446567,2.311499185,3.678995747,4.858590628,5.737060361,3.911061955,4.524211505,8.891450911,3.25423911,2.916926921,4.784447007
East Asia & Pacific (excluding high income),EAP,"Inflation, consumer prices (annual %)",FP.CPI.TOTL.ZG,,2.158518106,4.272670245,2.34316991,3.234648173,4.534213741,4.540369196,4.63747436,4.810237043,10.33682603,3.675033055,3.611962344,5.235415915,3.225169573,2.927583516,3.370406974,1.086486299
Early-demographic dividend,EAR,"Inflation, consumer prices (annual %)",FP.CPI.TOTL.ZG,,3.899529803,3.750820575,4.240266607,5.452932243,4.435261084,4.821700507,5.687137726,6.177806835,10.44698751,4.373768871,4.397413832,5.81149209,5.018272542,4.824623143,4.073929575,3.062031696
East Asia & Pacific,EAS,"Inflation, consumer prices (annual %)",FP.CPI.TOTL.ZG,,1.591969175,3.577554521,1.885720002,2.289156627,3.23751394,3.037023326,3.936162599,3.764002592,8.342086349,1.62173014,3.05730564,5.021460146,2.974607798,2.582687661,2.510876333,0.795279631
Europe & Central Asia (excluding high income),ECA,"Inflation, consumer prices (annual %)",FP.CPI.TOTL.ZG,,15.94081244,8.354137772,5.810143657,4.950615593,6.921657874,7.87957983,7.795259728,8.591466822,12.37985319,3.436745279,6.647353355,7.858333333,3.316055667,4.597878974,3.068812104,4.027685737
Europe & Central Asia,ECS,"Inflation, consumer prices (annual %)",FP.CPI.TOTL.ZG,,3.775388292,4.262872289,2.786159886,2.348641696,2.829477962,2.609323082,3.192886378,2.915982619,6.059740463,1.5360765,2.424473618,3.856112447,2.773338541,1.734039635,0.620490637,0.368046842
Ecuador,ECU,"Inflation, consumer prices (annual %)",FP.CPI.TOTL.ZG,,96.09637569,37.67674545,12.48359801,7.929364875,2.743231989,2.168277012,3.298748463,2.27618478,8.40009594,5.159968292,3.554377346,4.474532658,5.10172181,2.721775777,3.589220166,3.966646233
"Egypt, Arab Rep.",EGY,"Inflation, consumer prices (annual %)",FP.CPI.TOTL.ZG,,2.683805353,2.269757205,2.73723855,4.507776363,11.27061933,4.869396969,7.644526445,9.318969058,18.31683168,11.76349544,11.26518827,10.06492599,7.111729433,9.469719811,10.07021547,10.37049034
Euro area,EMU,"Inflation, consumer prices (annual %)",FP.CPI.TOTL.ZG,,2.853030393,2.785165427,2.465323192,2.098472191,2.225679164,2.487696652,2.666314946,2.453965281,4.07534336,0.368041998,1.525516021,3.289449396,2.485675622,1.219993423,0.24104743,0.037514381
Eritrea,ERI,"Inflation, consumer prices (annual %)",FP.CPI.TOTL.ZG,,,,,,,,,,,,,,,,,
Spain,ESP,"Inflation, consumer prices (annual %)",FP.CPI.TOTL.ZG,,3.433515634,3.589834133,3.065656859,3.038888394,3.039248811,3.368814098,3.515575768,2.786797458,4.07534336,-0.287813084,1.799864577,3.196101888,2.446127824,1.408581092,-0.151114838,-0.50036571
Estonia,EST,"Inflation, consumer prices (annual %)",FP.CPI.TOTL.ZG,,4.018489525,5.748279817,3.571912702,1.334991165,3.048111075,4.079714232,4.437620424,6.601326031,10.36235803,-0.078408311,2.97204512,4.981901315,3.933399873,2.78056659,-0.106175147,-0.492326007
Ethiopia,ETH,"Inflation, consumer prices (annual %)",FP.CPI.TOTL.ZG,,0.662458109,-8.237844534,0.675089102,13.6740452,3.327370479,9.969971235,12.29947631,17.24040083,44.35668588,8.483644045,8.14926403,33.24995988,23.60041768,7.464021929,6.890019516,9.56889956
European Union,EUU,"Inflation, consumer prices (annual %)",FP.CPI.TOTL.ZG,,3.15076707,3.373968322,2.424436612,2.09199839,2.286217068,2.487696652,2.666314946,2.510665652,4.164971935,0.839262247,1.531122704,3.289449396,2.662841655,1.219993423,0.199343827,-0.06164468
Fragile and conflict affected situations,FCS,"Inflation, consumer prices (annual %)",FP.CPI.TOTL.ZG,,3.822600881,5.370802934,4.705791237,5.488253634,3.282442209,7.285506405,6.739930604,4.617437722,11.58107517,4.075480801,3.480507637,5.442024705,5.912006025,3.433585268,2.169979644,1.476720489
Finland,FIN,"Inflation, consumer prices (annual %)",FP.CPI.TOTL.ZG,,3.042100807,2.578440801,1.571220128,0.877440386,0.187120559,0.62387445,1.566663807,2.510665652,4.065953554,-9.17E-07,1.184135232,3.416807543,2.808336226,1.478286157,1.041196212,-0.20792884
Fiji,FJI,"Inflation, consumer prices (annual %)",FP.CPI.TOTL.ZG,,1.0921646,4.272670245,0.762032086,4.172747778,2.827485194,2.365764538,2.490836388,4.803706413,7.732278579,3.13103559,3.689012297,7.278117827,3.423375234,2.913541936,0.519306475,1.374885426
France,FRA,"Inflation, consumer prices (annual %)",FP.CPI.TOTL.ZG,,1.675959887,1.634780795,1.923412287,2.098472191,2.142089646,1.745869364,1.675124496,1.48799806,2.812861949,0.087620478,1.531122704,2.111597952,1.954195316,0.863715498,0.507758823,0.037514381
Faroe Islands,FRO,"Inflation, consumer prices (annual %)",FP.CPI.TOTL.ZG,,,,,,,,,,,,,,,,,
"Micronesia, Fed. Sts.",FSM,"Inflation, consumer prices (annual %)",FP.CPI.TOTL.ZG,,2.158518106,0.502497351,-0.111442426,0.126643348,2.276696982,4.257699782,4.637370086,3.30634278,8.423725662,6.393602577,3.313709631,5.082594039,5.01850353,1.752327374,0.650284892,-0.298115837
Gabon,GAB,"Inflation, consumer prices (annual %)",FP.CPI.TOTL.ZG,,0.504920026,2.137620527,0.036682889,2.235353136,0.408205307,3.708333333,-1.409401366,5.030318837,5.264301456,1.885707546,1.461544027,1.263317078,2.652418287,0.505441059,4.690457518,-0.338795189
United Kingdom,GBR,"Inflation, consumer prices (annual %)",FP.CPI.TOTL.ZG,,1.182956242,1.532349603,1.520402459,1.376500385,1.390397567,2.08913649,2.455661664,2.386561508,3.521408563,1.961731736,2.492654725,3.856112447,2.573234797,2.291666667,1.451120163,0.368046842
Georgia,GEO,"Inflation, consumer prices (annual %)",FP.CPI.TOTL.ZG,,4.063962014,4.646044421,5.5878373,0.837734532,5.656326362,8.247090431,9.160965084,9.244897456,9.999487616,1.727514611,7.110178975,8.542933333,-0.943658853,-0.512058411,3.068812104,4.003578207
Ghana,GHA,"Inflation, consumer prices (annual %)",FP.CPI.TOTL.ZG,,40.24093312,41.50949629,9.360932396,29.77297972,18.04273882,15.43899202,11.67918394,10.73426655,16.49463961,19.24694822,10.73338984,8.728459371,11.18634094,11.66619231,15.48961603,17.1499695
Gibraltar,GIB,"Inflation, consumer prices (annual %)",FP.CPI.TOTL.ZG,,,,,,,,,,,,,,,,,
Guinea,GIN,"Inflation, consumer prices (annual %)",FP.CPI.TOTL.ZG,,,,,,,31.37330259,34.6952706,18.17556561,23.06561294,4.68438869,15.05026886,21.31692685,15.2262941,11.88758845,6.150505567,11.7800825
"Gambia, The",GMB,"Inflation, consumer prices (annual %)",FP.CPI.TOTL.ZG,,0.844969567,4.492596092,8.609124744,17.03286654,14.20674328,4.838621775,2.056503424,5.369134738,4.443654909,4.561506877,5.049680759,4.795882662,4.254321998,5.699129896,5.947999357,6.808454946
Guinea-Bissau,GNB,"Inflation, consumer prices (annual %)",FP.CPI.TOTL.ZG,,8.636320949,3.348122655,3.300121753,-3.502585511,0.883302697,3.329199228,1.954737176,4.617437722,10.46007314,-1.651397336,2.517851402,5.046102263,2.130545803,1.207125557,-1.509244606,1.476720489
Equatorial Guinea,GNQ,"Inflation, consumer prices (annual %)",FP.CPI.TOTL.ZG,,4.802288869,8.825389259,7.592478498,7.323543994,4.219687871,5.631633514,4.415899842,2.803738318,6.551766912,4.691065677,7.78916548,4.805389222,3.656620483,2.948876946,4.309998661,1.676630853
Greece,GRC,"Inflation, consumer prices (annual %)",FP.CPI.TOTL.ZG,,3.151181625,3.373968322,3.629358719,3.530650278,2.898848108,3.545072733,3.195946841,2.895003215,4.152797081,1.210072692,4.712989078,3.329853234,1.501526962,-0.921269454,-1.312260964,-1.735888048
Grenada,GRD,"Inflation, consumer prices (annual %)",FP.CPI.TOTL.ZG,,2.181818182,3.140993052,1.06721548,2.154928099,2.312916782,3.475806938,4.25195322,3.858829225,8.033273277,-0.30865478,3.436509059,3.033472803,2.41077704,-0.043999786,-0.983603056,-0.515448031
Greenland,GRL,"Inflation, consumer prices (annual %)",FP.CPI.TOTL.ZG,,,,,,,,,,,,,,,,,
Guatemala,GTM,"Inflation, consumer prices (annual %)",FP.CPI.TOTL.ZG,,5.977577347,7.285873666,8.132630543,5.603476754,7.578622473,9.108649857,6.560852828,6.821617536,11.35576113,1.859102547,3.859509098,6.214123931,3.781807547,4.343371313,3.418361697,2.388720328
Guam,GUM,"Inflation, consumer prices (annual %)",FP.CPI.TOTL.ZG,,,,,,,,,,,,,,,,,
Guyana,GUY,"Inflation, consumer prices (annual %)",FP.CPI.TOTL.ZG,,6.14854333,2.627413142,5.341015214,5.980978141,4.668466224,6.925543039,6.677157904,12.20015444,8.10202207,2.952300964,3.733377577,4.977735637,2.391935213,1.901251819,0.852630498,-1.001734328
High income,HIC,"Inflation, consumer prices (annual %)",FP.CPI.TOTL.ZG,,2.63474462,2.602128552,2.057588581,2.052751802,2.142089646,2.560161323,2.495958513,2.771760587,4.552160169,1.561813174,2.020012701,3.335535088,2.585324328,1.478286157,1.02514803,0.309364548
"Hong Kong SAR, China",HKG,"Inflation, consumer prices (annual %)",FP.CPI.TOTL.ZG,,-3.685503686,-1.658163265,-2.983138781,-2.673796791,-0.274725275,0.826446281,2.000251604,2.035027134,4.303154841,0.579441418,2.292890886,5.30524893,4.053909509,4.337993421,4.42364532,2.990848193
Honduras,HND,"Inflation, consumer prices (annual %)",FP.CPI.TOTL.ZG,,11.04803493,9.674155569,7.69050972,7.674166394,8.113790971,8.809060748,5.577752077,6.936214709,11.40342708,5.496342738,4.69889065,6.762279573,5.196186155,5.161898986,6.129249303,3.15783118
Heavily indebted poor countries (HIPC),HPC,"Inflation, consumer prices (annual %)",FP.CPI.TOTL.ZG,,4.165404423,4.60374622,3.895705258,5.302387732,4.474992891,8.169546049,6.739930604,7.254108413,10.6597979,4.362348293,4.69889065,6.429396811,6.314744503,5.161898986,3.969860452,3.77406982
Croatia,HRV,"Inflation, consumer prices (annual %)",FP.CPI.TOTL.ZG,,4.611315547,3.776702467,1.671784374,1.767337808,2.055396791,3.317178244,3.189825915,2.899282756,6.076968388,2.378528459,1.030555053,2.272727273,3.412073491,2.216582064,-0.21519616,-0.464499005
Haiti,HTI,"Inflation, consumer prices (annual %)",FP.CPI.TOTL.ZG,,9.333221976,13.31672224,7.032874062,28.69957779,21.03183393,13.97300833,11.34521522,6.557227726,15.28177448,0.39388604,4.827341901,6.332794838,5.018041554,4.765024048,3.4381666,6.731840697
Hungary,HUN,"Inflation, consumer prices (annual %)",FP.CPI.TOTL.ZG,,9.803610169,9.116809117,5.265448216,4.661016949,6.744346796,3.561517114,3.930326038,7.958745165,6.042512539,4.211711712,4.855557957,3.929920989,5.652145171,1.73319985,-0.227566271,-0.06164468
IBRD only,IBD,"Inflation, consumer prices (annual %)",FP.CPI.TOTL.ZG,,4.783056798,5.472494359,4.297152039,4.388365161,4.769790719,4.821700507,5.394935765,5.843975705,9.865885393,3.730147866,4.123228561,5.553898923,4.279499996,3.895551526,3.589220166,3.129002745
IDA & IBRD total,IBT,"Inflation, consumer prices (annual %)",FP.CPI.TOTL.ZG,,4.199288256,5.077450455,4.022881937,4.546900121,4.474992891,6.014758226,6.099142477,6.160686694,10.28768479,4.202516612,4.043062588,5.796768092,5.008525463,4.341154898,3.525662038,3.129002745
IDA total,IDA,"Inflation, consumer prices (annual %)",FP.CPI.TOTL.ZG,,3.822600881,4.390650799,3.533042143,5.302387732,4.319336774,6.880937849,6.389438617,6.676000633,10.68773202,4.361122191,3.986474083,6.381095825,5.713844342,4.885163876,3.516955514,2.917033247
IDA blend,IDB,"Inflation, consumer prices (annual %)",FP.CPI.TOTL.ZG,,1.704504156,3.811317484,1.922921159,2.154928099,2.42976608,3.094490115,4.25195322,4.410997042,8.033273277,3.043618479,3.343426576,4.44083401,4.177635871,2.913541936,0.912139545,1.374885426
Indonesia,IDN,"Inflation, consumer prices (annual %)",FP.CPI.TOTL.ZG,,3.68861916,11.50011488,11.90011757,6.757317194,6.064059885,10.45319842,13.1086721,6.406562813,10.22666455,4.38641555,5.134204008,5.35604779,4.279499996,6.412513302,6.394925408,6.363121131
IDA only,IDX,"Inflation, consumer prices (annual %)",FP.CPI.TOTL.ZG,,4.012120811,4.60374622,4.178672399,5.687858527,4.601339982,7.165417599,6.695264658,7.02551437,11.40342708,4.446262442,4.763116275,6.716768436,5.981721323,5.009646453,3.992465841,3.254726881
Isle of Man,IMN,"Inflation, consumer prices (annual %)",FP.CPI.TOTL.ZG,,,,,,,,,,,,,,,,,
India,IND,"Inflation, consumer prices (annual %)",FP.CPI.TOTL.ZG,,4.00943591,3.779293122,4.297152039,3.805858995,3.767251735,4.24634362,5.796523376,6.372881356,8.349267049,10.88235294,11.98938992,8.911793365,9.478996914,10.01787847,6.665656719,4.906973441
Not classified,INX,"Inflation, consumer prices (annual %)",FP.CPI.TOTL.ZG,,,,,,,,,,,,,,,,,
Ireland,IRL,"Inflation, consumer prices (annual %)",FP.CPI.TOTL.ZG,,5.5907173,4.872904873,4.614733277,3.49048968,2.199628507,2.429691984,3.931639895,4.897115644,4.060304951,-4.478103392,-0.922095829,2.557188832,1.696208973,0.508714869,0.182542317,-0.289879079
"Iran, Islamic Rep.",IRN,"Inflation, consumer prices (annual %)",FP.CPI.TOTL.ZG,,14.47675132,11.27424713,14.33593374,16.46801162,14.7615087,13.43311801,10.01589825,17.34104046,25.41050903,13.55155483,10.08936293,26.29338567,27.25681272,36.60303552,16.60655324,12.48468156
Iraq,IRQ,"Inflation, consumer prices (annual %)",FP.CPI.TOTL.ZG,,4.978962132,16.3740815,19.3166946,33.6162106,26.96190682,36.95948092,53.23096291,-10.06749258,12.66285283,6.873615472,2.877747253,5.801455371,6.089096416,1.879498007,2.235974079,1.393330288
Iceland,ISL,"Inflation, consumer prices (annual %)",FP.CPI.TOTL.ZG,,5.136471232,6.405085504,5.197022302,2.055663298,3.158193243,3.987047828,6.687079061,5.051557365,12.69439428,12.00312985,5.396731132,4.001026643,5.185899888,3.872279237,2.044614815,1.633055582
Israel,ISR,"Inflation, consumer prices (annual %)",FP.CPI.TOTL.ZG,,1.03264095,1.151315789,5.772357724,0.702756122,-0.381637771,1.313485114,2.063526361,0.455170954,4.552160169,3.35617819,2.691370063,3.484949198,1.679207194,1.570255392,0.479786761,-0.601291007
Italy,ITA,"Inflation, consumer prices (annual %)",FP.CPI.TOTL.ZG,,2.537685321,2.785165427,2.465323192,2.672555528,2.206736614,1.985292985,2.09084391,1.829741122,3.347832584,0.774768131,1.525516021,2.780632729,3.041363332,1.219993423,0.24104743,0.0387904
Jamaica,JAM,"Inflation, consumer prices (annual %)",FP.CPI.TOTL.ZG,,8.171083561,6.801909308,7.076350093,10.08695652,13.55450237,15.05286589,8.561064087,9.244820673,22.0228385,9.592245989,12.610552,7.555856466,6.873977087,9.341500766,8.274078862,3.691542289
Jordan,JOR,"Inflation, consumer prices (annual %)",FP.CPI.TOTL.ZG,,0.666880926,1.772204374,1.83299389,1.63,3.361868215,3.493685346,6.251724667,4.74390639,13.971231,-0.739069743,4.845518759,4.162441629,4.515229567,4.824623143,2.89947905,-0.87685136
Japan,JPN,"Inflation, consumer prices (annual %)",FP.CPI.TOTL.ZG,,-0.676578684,-0.740055504,-0.923494027,-0.256541816,-0.008573388,-0.282946069,0.249355116,0.060039454,1.380078862,-1.35283673,-0.728243208,-0.272455616,-0.04406451,0.335037912,2.759226714,0.795279631
Kazakhstan,KAZ,"Inflation, consumer prices (annual %)",FP.CPI.TOTL.ZG,,13.18089059,8.354137772,5.836924521,6.438218101,6.88205439,7.579999291,8.721693861,10.84683621,17.13989978,7.316078583,7.400463567,8.424887619,5.09791485,5.846409173,6.706578291,6.665776115
Kenya,KEN,"Inflation, consumer prices (annual %)",FP.CPI.TOTL.ZG,,9.980025154,5.738598143,1.961308217,9.81569063,11.62403554,10.31277836,14.45373421,9.75888023,26.23981664,9.234125924,3.961388891,14.02249396,9.377767482,5.71749357,6.878154993,6.582174403
Kyrgyz Republic,KGZ,"Inflation, consumer prices (annual %)",FP.CPI.TOTL.ZG,,18.70073428,6.919679894,2.134209863,2.974612952,4.110650847,4.338673918,5.552123332,10.23010327,24.52010242,6.836562481,7.967722256,16.63632627,2.768442365,6.613752024,7.534247298,6.50331839
Cambodia,KHM,"Inflation, consumer prices (annual %)",FP.CPI.TOTL.ZG,,-0.791992529,-0.6006483,0.211466568,0.941746118,4.319336774,6.61525912,5.810685505,8.708827706,24.09685193,-1.241717542,3.996395281,5.478447496,2.934316093,2.941625095,3.855688614,1.223931955
Kiribati,KIR,"Inflation, consumer prices (annual %)",FP.CPI.TOTL.ZG,,,,,,,,,3.592521313,13.66539953,9.816438845,-3.899550407,1.497409799,-3.045862928,-1.488059085,2.103985209,0.572015744
St. Kitts and Nevis,KNA,"Inflation, consumer prices (annual %)",FP.CPI.TOTL.ZG,,2.148855327,2.303447483,2.041091026,2.235436644,2.314554622,3.37781904,8.487485758,4.480886086,5.300296751,2.05793709,0.85087865,5.835165196,0.816089282,1.10698554,0.247865392,-2.30187563
"Korea, Rep.",KOR,"Inflation, consumer prices (annual %)",FP.CPI.TOTL.ZG,,2.259165801,4.066575879,2.762262103,3.514874515,3.590662989,2.753791627,2.242340285,2.534573821,4.673896555,2.756496545,2.939286527,4.025965004,2.187071044,1.301347545,1.274774464,0.706331772
Kuwait,KWT,"Inflation, consumer prices (annual %)",FP.CPI.TOTL.ZG,,1.812946139,1.3,0.888450148,0.961350294,1.248564437,4.142975836,3.057013392,5.484949833,10.58270979,4.609595484,4.496402878,4.839403499,3.255146003,2.682296841,2.908926729,3.271701661
Latin America & Caribbean (excluding high income),LAC,"Inflation, consumer prices (annual %)",FP.CPI.TOTL.ZG,,7.069913523,6.801909308,5.223367698,5.603476754,5.904020055,5.051019627,4.282396048,6.143566552,10.06624182,2.591946734,3.859509098,5.128923767,4.111509811,2.767896661,3.4381666,3.129002745
Lao PDR,LAO,"Inflation, consumer prices (annual %)",FP.CPI.TOTL.ZG,,25.08464143,7.811807948,10.63134463,15.48935292,10.46226673,7.165417599,6.545594391,4.661972695,7.628808876,0.141187675,5.982545216,7.568988561,4.255126778,6.371427178,4.129243069,1.277354271
Lebanon,LBN,"Inflation, consumer prices (annual %)",FP.CPI.TOTL.ZG,,,,,,,,,,,1.195096712,3.983479419,4.971485717,6.581474477,4.821019563,1.854604213,-3.749145248
Liberia,LBR,"Inflation, consumer prices (annual %)",FP.CPI.TOTL.ZG,,,,14.15964701,10.33028812,7.829087049,10.83435885,7.341446083,11.39189668,17.48944864,7.427643059,7.289927969,8.488167518,6.831787034,7.577306817,9.861112856,7.748696876
Libya,LBY,"Inflation, consumer prices (annual %)",FP.CPI.TOTL.ZG,,-2.9,-8.813937521,-9.797647059,-2.19115192,-2.197567741,2.650205761,1.459268762,6.25098783,10.3607289,2.459900256,2.799895001,15.51848153,6.059803922,2.605818027,,
St. Lucia,LCA,"Inflation, consumer prices (annual %)",FP.CPI.TOTL.ZG,,3.710786087,5.30722081,-0.255536627,1.034253724,1.460368144,3.898273708,2.395620825,2.823103737,5.549547694,-0.156936087,3.250344092,2.769407941,4.177635871,1.46856511,3.516955514,-0.983600953
Latin America & Caribbean,LCN,"Inflation, consumer prices (annual %)",FP.CPI.TOTL.ZG,,4.608229989,4.055080613,3.950116637,3.733735662,4.380322865,4.440575657,4.25195322,4.578085724,8.108108108,2.500499951,3.491288675,4.977735637,3.781807547,2.528647885,3.383412727,1.861483029
Least developed countries: UN classification,LDC,"Inflation, consumer prices (annual %)",FP.CPI.TOTL.ZG,,4.012120811,4.714896347,4.464264007,6.489432087,4.534213741,7.564080617,6.852466179,7.785568962,11.01038801,4.561506877,5.982545216,7.06704499,6.441212809,5.643038834,4.522332028,4.377126651
Low income,LIC,"Inflation, consumer prices (annual %)",FP.CPI.TOTL.ZG,,3.607311233,4.249055188,3.300121753,6.489432087,3.994384008,8.448726423,7.310676136,7.928663849,11.67798272,5.006273615,4.397413832,7.622822628,6.831787034,5.611629338,3.740529516,4.377126651
Liechtenstein,LIE,"Inflation, consumer prices (annual %)",FP.CPI.TOTL.ZG,,,,,,,,,,,,,,,,,
Sri Lanka,LKA,"Inflation, consumer prices (annual %)",FP.CPI.TOTL.ZG,,6.17627591,14.1584558,9.55103167,6.314637871,7.57592583,11.6396861,10.02018361,15.84211149,22.56449553,3.464963221,6.217648893,6.716768436,7.542913732,6.908450348,3.179002282,3.768367831
Lower middle income,LMC,"Inflation, consumer prices (annual %)",FP.CPI.TOTL.ZG,,4.165404423,4.567334403,3.432803538,5.128994994,4.735801439,5.955042501,6.156876039,7.02551437,11.58107517,5.053930526,4.845518759,6.573082623,5.981721323,5.3537996,5.165902379,3.997379967
Low & middle income,LMY,"Inflation, consumer prices (annual %)",FP.CPI.TOTL.ZG,,4.165404423,5.167239961,4.268709323,5.128994994,4.688408848,6.421296482,6.099142477,6.311934593,10.44555794,4.210773566,4.156727227,6.107427146,5.014114643,4.631616197,3.589220166,3.143416962
Lesotho,LSO,"Inflation, consumer prices (annual %)",FP.CPI.TOTL.ZG,,6.131975387,-9.616153539,33.81257834,6.629163571,5.023420686,3.437884231,6.072718797,8.01243669,10.71566613,-16.85969105,-2.405242546,5.036630521,6.051436621,4.865118995,5.37028961,3.218445137
Late-demographic dividend,LTE,"Inflation, consumer prices (annual %)",FP.CPI.TOTL.ZG,,4.10280983,4.646044421,2.801155052,3.234648173,3.857303914,4.142975836,4.36552203,5.438758839,8.955987052,3.041668277,3.297779613,4.370735599,3.316055667,2.682296841,2.044614815,1.557907113
Lithuania,LTU,"Inflation, consumer prices (annual %)",FP.CPI.TOTL.ZG,,0.981615479,1.367120308,0.28150661,-1.13430855,1.164102521,2.658484841,3.739120041,5.737173828,10.92588562,4.453044565,1.319213621,4.130275626,3.089982771,1.047479371,0.103758009,-0.884097406
Luxembourg,LUX,"Inflation, consumer prices (annual %)",FP.CPI.TOTL.ZG,,3.15076707,2.663821106,2.074086136,2.049840306,2.225679164,2.487696652,2.666314946,2.312458618,3.40187963,0.368041998,2.273679116,3.410683411,2.662841655,1.734039635,0.628543985,0.474743161
Latvia,LVA,"Inflation, consumer prices (annual %)",FP.CPI.TOTL.ZG,,2.654254778,2.487040036,1.938875739,2.942647529,6.192385472,6.748450279,6.536199088,10.09297758,15.40231911,3.534106729,-1.08463595,4.370735599,2.257789244,-0.029454778,0.620490637,0.174242244
"Macao SAR, China",MAC,"Inflation, consumer prices (annual %)",FP.CPI.TOTL.ZG,,-1.60971884,-1.984650086,-2.637516998,-1.562452037,0.980728452,4.395892843,5.149973378,5.571496891,8.611018586,1.169066955,2.809472421,5.806246167,6.107389283,5.500577792,6.048234521,4.56056338
St. Martin (French part),MAF,"Inflation, consumer prices (annual %)",FP.CPI.TOTL.ZG,,,,,,,,,,,,,,,,,
Morocco,MAR,"Inflation, consumer prices (annual %)",FP.CPI.TOTL.ZG,,1.894634568,0.619801875,2.795619669,1.167733675,1.493444034,0.98264166,3.28476167,2.042085127,3.714843115,0.971862999,0.993557401,0.90692491,1.287122401,1.880654667,0.442310054,1.557907113
Monaco,MCO,"Inflation, consumer prices (annual %)",FP.CPI.TOTL.ZG,,,,,,,,,,,,,,,,,
Moldova,MDA,"Inflation, consumer prices (annual %)",FP.CPI.TOTL.ZG,,31.29930158,9.764662858,5.301243903,11.74607921,12.52427684,11.95918372,12.77775578,12.36716684,12.78304726,-0.062718597,7.483850864,7.687251034,4.546334274,4.597878974,5.088785546,9.676240331
Madagascar,MDG,"Inflation, consumer prices (annual %)",FP.CPI.TOTL.ZG,,11.8596845,7.916944845,16.49852553,-1.704004796,13.9558018,18.36382465,10.76563716,10.28796632,9.296508394,8.954218024,9.247321736,9.482540486,5.713844342,5.826429445,6.080408111,7.404191742
Maldives,MDV,"Inflation, consumer prices (annual %)",FP.CPI.TOTL.ZG,,-1.174756812,0.67257737,4.178672399,-1.260651135,-1.685412125,1.300275009,2.738421316,6.794773539,12.04145835,4.530176591,6.149885368,11.27341461,10.88469566,3.805630009,2.120001757,0.953206659
Middle East & North Africa,MEA,"Inflation, consumer prices (annual %)",FP.CPI.TOTL.ZG,,1.812946139,1.74665225,1.83299389,1.981967346,3.122262047,3.104966401,3.483406997,4.167823301,11.27066524,2.920897118,3.749157276,4.524211505,3.731209508,2.964004999,2.346268657,1.494759286
Mexico,MEX,"Inflation, consumer prices (annual %)",FP.CPI.TOTL.ZG,,9.491561494,6.367738062,5.030727332,4.546900121,4.688408848,3.988057146,3.629467624,3.966849055,5.124982746,5.297355842,4.156727227,3.407378246,4.111509811,3.806390697,4.018616081,2.72064065
Marshall Islands,MHL,"Inflation, consumer prices (annual %)",FP.CPI.TOTL.ZG,,,,,,,,,,,,,,,,,
Middle income,MIC,"Inflation, consumer prices (annual %)",FP.CPI.TOTL.ZG,,4.366664513,5.326361383,4.297152039,4.634226744,4.72308602,5.038838071,5.577752077,6.214397332,10.25252915,3.687001605,4.123228561,5.799111731,4.537205082,4.343371313,3.589220166,3.062031696
North Macedonia,MKD,"Inflation, consumer prices (annual %)",FP.CPI.TOTL.ZG,,6.60742291,5.198885257,2.314597941,0.855562123,-0.448650207,0.525515951,3.213629296,2.251757983,8.33189667,-0.739633963,1.50997522,3.904754221,3.316055667,2.785000567,-0.281705033,-0.299920476
Mali,MLI,"Inflation, consumer prices (annual %)",FP.CPI.TOTL.ZG,,-0.677661659,5.187011919,5.032822757,-1.34672619,-3.099781281,6.397882939,1.543525969,1.412002017,9.170988137,2.463751886,1.108926907,2.955643952,5.323128471,-0.606736356,0.883814547,1.450690576
Malta,MLT,"Inflation, consumer prices (annual %)",FP.CPI.TOTL.ZG,,2.369592875,2.929492443,2.188490481,1.303837774,2.790828481,3.007966525,2.773780065,1.249219238,4.258621719,2.084327461,1.515635136,2.962985282,2.375820578,1.180284364,0.310306472,1.100548264
Myanmar,MMR,"Inflation, consumer prices (annual %)",FP.CPI.TOTL.ZG,,-0.109165515,21.10130538,57.07451126,36.58971753,4.534213741,9.368618142,19.99648734,35.02459707,26.79953719,1.472343114,7.718381959,5.021460146,1.467583227,5.643038834,4.953299185,9.454171895
Middle East & North Africa (excluding high income),MNA,"Inflation, consumer prices (annual %)",FP.CPI.TOTL.ZG,,2.683805353,2.126545269,2.729135699,4.335993088,3.797040176,3.800468027,5.047032961,4.325807947,12.31073676,2.920897118,3.950078759,4.971485717,6.089096416,4.037629336,2.89947905,1.494759286
Montenegro,MNE,"Inflation, consumer prices (annual %)",FP.CPI.TOTL.ZG,,,,,,,,2.924512581,4.347122157,8.758727696,3.466723732,0.65494657,3.450143112,4.14524725,2.205892681,-0.710514052,1.548691582
Mongolia,MNG,"Inflation, consumer prices (annual %)",FP.CPI.TOTL.ZG,,11.59553876,6.277360205,0.917074687,5.128994994,8.241154494,12.71656741,5.095166617,9.630963096,27.95566502,7.619505935,10.04620659,8.411214953,14.33033483,10.49065676,12.25398081,5.735682819
Northern Mariana Islands,MNP,"Inflation, consumer prices (annual %)",FP.CPI.TOTL.ZG,,,,,,,,,,,,,,,,,
Mozambique,MOZ,"Inflation, consumer prices (annual %)",FP.CPI.TOTL.ZG,,,,,,,6.427552781,13.24508791,8.489486755,14.5028053,3.788613309,12.42554217,11.16660561,2.60245457,4.261352509,2.559748758,3.550759674
Mauritania,MRT,"Inflation, consumer prices (annual %)",FP.CPI.TOTL.ZG,,3.254067458,4.714896347,3.895705258,5.151901508,10.36762335,12.12564872,6.241033281,7.254108413,7.346635412,2.220920324,6.283540874,5.686319596,4.902427272,4.129101738,3.534368561,3.254726881
Mauritius,MUS,"Inflation, consumer prices (annual %)",FP.CPI.TOTL.ZG,,4.199288256,5.389344262,6.419333722,3.921053576,4.710370601,4.93717005,8.913501057,8.827292724,9.732283171,2.516091281,2.932363014,6.522492549,3.852160333,3.543295739,3.21769192,1.286549708
Malawi,MWI,"Inflation, consumer prices (annual %)",FP.CPI.TOTL.ZG,,29.58148846,22.7,14.74463461,9.576797869,11.42980608,15.41034466,13.97429435,7.952209909,8.712601866,8.422044277,7.411590929,7.622822628,21.271265,27.28333333,23.79206495,21.86734755
Malaysia,MYS,"Inflation, consumer prices (annual %)",FP.CPI.TOTL.ZG,,1.534740237,1.416784732,1.807872463,1.089676326,1.421271159,2.975070927,3.609235642,2.027353178,5.440782211,0.583308406,1.622852356,3.174470922,1.663571025,2.105012312,3.142990509,2.104389802
North America,NAC,"Inflation, consumer prices (annual %)",FP.CPI.TOTL.ZG,,3.048148614,2.675645629,1.922213018,2.514329093,2.267247706,2.80314944,2.613984748,2.495528237,3.104685486,-0.028039732,1.708457492,3.034488329,1.792507748,1.201562277,1.764429442,0.621934248
Namibia,NAM,"Inflation, consumer prices (annual %)",FP.CPI.TOTL.ZG,,,,,7.136153115,4.136632131,2.28194607,4.961166893,6.547881411,9.094643072,9.451726515,4.874919876,5.005595181,6.721997773,5.600925023,5.350169669,3.394015384
New Caledonia,NCL,"Inflation, consumer prices (annual %)",FP.CPI.TOTL.ZG,,,,,,,,,,,,,2.428996938,1.749672346,1.27761319,0.178851061,0.570508141
Niger,NER,"Inflation, consumer prices (annual %)",FP.CPI.TOTL.ZG,,2.900149736,4.005514284,2.628865979,-1.614407692,0.262543757,7.797497818,0.04048583,0.053959261,11.30510988,0.582906591,0.804073081,2.94238514,0.45508982,2.29723115,-0.93028726,-0.57609037
Nigeria,NGA,"Inflation, consumer prices (annual %)",FP.CPI.TOTL.ZG,,6.933292156,18.87364621,12.8765792,14.03178361,14.99803382,17.86349337,8.22522152,5.388007969,11.58107517,12.53782773,13.74005214,10.82613719,12.2242413,8.495518383,8.04741088,9.00943498
Nicaragua,NIC,"Inflation, consumer prices (annual %)",FP.CPI.TOTL.ZG,,7.069913523,5.986041863,3.750174658,5.302387732,8.470210636,9.599099861,9.140199668,11.12693474,19.82620313,3.687001605,5.455134259,8.082387981,7.193550533,7.135467853,6.035968618,3.997379967
Netherlands,NLD,"Inflation, consumer prices (annual %)",FP.CPI.TOTL.ZG,,2.360522338,4.155841272,3.287531047,2.09199839,1.263647392,1.688130179,1.101501065,1.613858598,2.486501983,1.18977687,1.275305696,2.341070178,2.455547653,2.506898527,0.97603508,0.600248147
Norway,NOR,"Inflation, consumer prices (annual %)",FP.CPI.TOTL.ZG,,3.085506091,3.00419704,1.286725284,2.487825535,0.454498502,1.532133676,2.329349808,0.712589074,3.753930818,2.197385869,2.418906395,1.284951588,0.696864111,2.120486204,2.041702867,2.171136654
Nepal,NPL,"Inflation, consumer prices (annual %)",FP.CPI.TOTL.ZG,,2.478820207,2.688303735,3.029399487,5.707009319,2.841811312,6.836332659,6.920335807,2.269219244,9.907830053,11.09482374,9.326504107,9.227075461,9.459809804,9.040163119,8.364154697,7.868908956
Nauru,NRU,"Inflation, consumer prices (annual %)",FP.CPI.TOTL.ZG,,,,,,,,,,,,,0.3003003,-0.124750499,,,
New Zealand,NZL,"Inflation, consumer prices (annual %)",FP.CPI.TOTL.ZG,,2.615234462,2.625816304,2.677092577,1.753574448,2.290249028,3.037023326,3.365401962,2.376143103,3.958949373,2.115651106,2.30202386,4.027906674,1.059913184,1.134422664,1.227507506,0.292704628
OECD members,OED,"Inflation, consumer prices (annual %)",FP.CPI.TOTL.ZG,,3.063803449,3.189082681,2.477360679,2.184283582,2.257964096,2.469598987,2.600153765,2.484704388,4.11407022,1.104577112,1.807352306,3.374297594,2.529455209,1.451565264,0.624517311,0.338705695
Oman,OMN,"Inflation, consumer prices (annual %)",FP.CPI.TOTL.ZG,,,-0.816666667,-0.279578823,0.231328682,0.624969063,1.909835535,3.544985916,5.830484181,12.37540915,3.468810238,3.256579591,4.042188671,2.947734953,1.045528388,1.022343145,0.065290133
Other small states,OSS,"Inflation, consumer prices (annual %)",FP.CPI.TOTL.ZG,,4.080073586,3.382377092,3.416581948,2.937431241,3.23751394,3.329199228,3.709784798,5.103834376,9.079439646,2.655802058,2.952204067,4.800635942,4.039323561,3.260994569,2.120001757,1.548691582
Pakistan,PAK,"Inflation, consumer prices (annual %)",FP.CPI.TOTL.ZG,,4.366664513,3.148261446,3.290344726,2.914134701,7.444624693,9.06332737,7.921084401,7.598684411,20.28612109,13.64776506,12.93887056,11.91609271,9.682351861,7.692156119,7.189384028,2.529328173
Panama,PAN,"Inflation, consumer prices (annual %)",FP.CPI.TOTL.ZG,,1.498961116,0.307062436,1.005830904,0.391666667,0.182618079,3.181705195,2.457893331,4.168633165,8.758683088,2.409053167,3.491288675,5.8758025,5.698199403,4.027160534,2.626683654,0.13639971
Peru,PER,"Inflation, consumer prices (annual %)",FP.CPI.TOTL.ZG,,3.757338333,1.977098785,0.193135004,2.259377534,3.662473201,1.616301939,2.002258012,1.779986447,5.785875982,2.936231536,1.528320597,3.369310953,3.611212949,2.767896661,3.411945798,3.398091947
Philippines,PHL,"Inflation, consumer prices (annual %)",FP.CPI.TOTL.ZG,,3.977125032,5.345501956,2.722772277,2.289156627,4.829210836,6.516853933,5.485232068,2.9,8.260447036,4.219030521,3.789836348,4.718417047,3.026963911,2.582687661,3.597823439,0.674192537
Palau,PLW,"Inflation, consumer prices (annual %)",FP.CPI.TOTL.ZG,,,,-1.301236174,0.922874094,4.964075767,3.951462352,4.429811434,3.238750358,11.96557468,1.438135383,1.442190174,4.674698795,3.614180479,3.354810042,4.191745486,0.949040644
Papua New Guinea,PNG,"Inflation, consumer prices (annual %)",FP.CPI.TOTL.ZG,,15.59589331,9.298173328,11.7994471,14.70907797,2.158931313,1.780804399,2.368462384,0.911350456,10.76141823,6.918325326,6.013608936,4.44083401,4.537205082,4.96031746,5.222117202,5.995957781
Poland,POL,"Inflation, consumer prices (annual %)",FP.CPI.TOTL.ZG,,9.900175388,5.408335456,1.90528215,0.682701376,3.382646819,2.183798724,1.284693944,2.458743124,4.164971935,3.795392425,2.580693703,4.239401496,3.560371517,0.991982606,0.053821313,-0.874125874
Pre-demographic dividend,PRE,"Inflation, consumer prices (annual %)",FP.CPI.TOTL.ZG,,4.165404423,5.077450455,4.378759718,5.227733861,4.10703594,7.797497818,6.695264658,5.995907559,10.28768479,4.561506877,3.976552885,6.429396811,6.441212809,4.631616197,3.305037626,3.402743277
Puerto Rico,PRI,"Inflation, consumer prices (annual %)",FP.CPI.TOTL.ZG,,,,,,,,,,,,,,,,,
"Korea, Dem. People's Rep.",PRK,"Inflation, consumer prices (annual %)",FP.CPI.TOTL.ZG,,,,,,,,,,,,,,,,,
Portugal,PRT,"Inflation, consumer prices (annual %)",FP.CPI.TOTL.ZG,,2.853030393,4.369903306,3.600346583,3.218990907,2.365362041,2.277163949,3.107665459,2.453965281,2.588506577,-0.835530022,1.402572899,3.653011004,2.773338541,0.274416667,-0.278153367,0.487938624
Paraguay,PRY,"Inflation, consumer prices (annual %)",FP.CPI.TOTL.ZG,,8.982159768,7.268060286,10.51024209,14.23679705,4.32326493,6.807382031,9.589349411,8.130474177,10.15478465,2.591946734,4.651162791,8.253968254,3.67591898,2.683857387,5.028827675,3.129002745
West Bank and Gaza,PSE,"Inflation, consumer prices (annual %)",FP.CPI.TOTL.ZG,,2.798198924,1.222784759,5.70951586,4.403032217,3.004174986,4.107250707,3.842341256,1.859743794,9.889997887,2.753934851,3.749157276,2.877243585,2.779087683,1.724399336,1.7329851,1.431611458
Pacific island small states,PSS,"Inflation, consumer prices (annual %)",FP.CPI.TOTL.ZG,,2.348103274,4.055477442,1.963567542,3.016241299,4.964075767,3.951462352,4.429811434,4.369595142,11.00644718,5.311009546,2.102442434,4.878646417,2.049018835,1.605630546,1.451424524,0.648242939
Post-demographic dividend,PST,"Inflation, consumer prices (annual %)",FP.CPI.TOTL.ZG,,2.579876112,2.656910939,1.998749211,2.021685429,2.079244646,2.37531959,2.457924442,2.327611289,4.152797081,0.839262247,1.996212367,3.329853234,2.485675622,1.408581092,0.906794,0.368046842
French Polynesia,PYF,"Inflation, consumer prices (annual %)",FP.CPI.TOTL.ZG,,,,,,,,,,,,,,,,,
Qatar,QAT,"Inflation, consumer prices (annual %)",FP.CPI.TOTL.ZG,,1.650335224,1.471334348,0.24,2.264565044,6.79933665,8.814395323,11.83580962,13.75816258,15.05014516,-4.863278016,-2.425256752,1.138366235,2.315348534,3.221977568,3.349720857,1.814077239
Romania,ROU,"Inflation, consumer prices (annual %)",FP.CPI.TOTL.ZG,,45.66659404,34.47701235,22.53988626,15.27348899,11.87436359,9.014912833,6.558514123,4.837329283,7.850802557,5.587420043,6.091416686,5.789253288,3.334922677,3.984712355,1.068309877,-0.594156437
Russian Federation,RUS,"Inflation, consumer prices (annual %)",FP.CPI.TOTL.ZG,,20.79876066,21.47700721,15.78873079,13.66329302,10.88861573,12.68530395,9.668654548,9.007298689,14.11076778,11.64732958,6.849392303,8.440464859,5.074743008,6.753710262,7.823411839,15.53440505
Rwanda,RWA,"Inflation, consumer prices (annual %)",FP.CPI.TOTL.ZG,,3.899529803,3.342855067,1.992585425,7.44970014,12.25071029,9.014089181,8.882826548,9.080722059,15.43821387,12.94439784,-0.246128693,3.080170692,10.27101823,5.92426868,2.354490528,2.528502842
South Asia,SAS,"Inflation, consumer prices (annual %)",FP.CPI.TOTL.ZG,,4.00943591,3.148261446,3.332564933,3.805858995,4.105936983,6.941475411,6.77492886,7.196728975,10.9746442,4.976824477,7.581529776,10.25024503,9.469403359,7.458089097,6.828647805,4.158255891
Saudi Arabia,SAU,"Inflation, consumer prices (annual %)",FP.CPI.TOTL.ZG,,-1.124994779,-1.120944775,0.247186514,0.612194395,0.515506767,0.479230398,2.209024079,4.167823301,9.870247913,5.057223147,5.339416806,5.826216088,2.866268875,3.532524707,2.236290315,1.206073222
Sudan,SDN,"Inflation, consumer prices (annual %)",FP.CPI.TOTL.ZG,,7.121258972,1.935295721,22.22472415,6.489432087,9.657546286,8.505850759,7.199129901,14.75427708,14.29712245,11.25675871,12.97766639,18.09661712,35.55905741,36.52234491,36.90664279,16.90957061
Senegal,SEN,"Inflation, consumer prices (annual %)",FP.CPI.TOTL.ZG,,0.731981982,2.974500839,2.337301875,-0.051997024,0.514781781,1.711333259,2.112285839,5.853304285,7.347202366,-2.248021479,1.228681197,3.403228298,1.418228712,0.710245487,-1.090255074,0.135211934
Singapore,SGP,"Inflation, consumer prices (annual %)",FP.CPI.TOTL.ZG,,1.361623924,0.997197956,-0.391676867,0.5079053,1.662727199,0.425106277,0.962901778,2.104880036,6.627781774,0.596720257,2.823661349,5.247793398,4.575602704,2.358604154,1.02514803,-0.522618167
Solomon Islands,SLB,"Inflation, consumer prices (annual %)",FP.CPI.TOTL.ZG,,7.88956187,6.925837321,10.92963419,8.269463493,6.985842027,7.330663416,11.21998702,7.666020135,17.3200652,7.092717169,1.051481633,7.34270706,5.912006025,5.391363886,5.165902379,-0.574469286
Sierra Leone,SLE,"Inflation, consumer prices (annual %)",FP.CPI.TOTL.ZG,,,,,,,,,11.64997445,8.211124323,7.469018985,7.185662757,6.79138292,6.587762394,5.52412878,4.639311714,6.689435625
El Salvador,SLV,"Inflation, consumer prices (annual %)",FP.CPI.TOTL.ZG,,2.271287568,3.750820575,1.865525036,2.120390917,4.451943924,4.690948709,4.037123594,4.578085724,6.707922935,1.055950297,1.179335769,5.128923767,1.729734816,0.757669185,1.141344675,-0.731384487
San Marino,SMR,"Inflation, consumer prices (annual %)",FP.CPI.TOTL.ZG,,,,,,1.430838685,1.685488905,2.095259356,2.498945757,4.293202493,2.19959237,2.585418156,2.899795843,2.827332242,1.604392981,1.112963034,0.145686073
Somalia,SOM,"Inflation, consumer prices (annual %)",FP.CPI.TOTL.ZG,,,,,,,,,,,,,,,,,
Serbia,SRB,"Inflation, consumer prices (annual %)",FP.CPI.TOTL.ZG,,71.12062879,95.00522581,19.49083216,9.876178897,11.02636272,16.11998065,11.724023,6.391706444,12.41098678,8.116950922,6.142553602,11.13739763,7.330385896,7.694263629,2.082447939,1.39235822
Sub-Saharan Africa (excluding high income),SSA,"Inflation, consumer prices (annual %)",FP.CPI.TOTL.ZG,,4.199288256,5.077450455,5.032822757,6.084424899,4.178160001,6.605240855,6.616554305,7.02551437,10.29697582,4.848669646,4.089729895,5.686319596,6.575899708,4.905208757,4.403802717,3.472387529
South Sudan,SSD,"Inflation, consumer prices (annual %)",FP.CPI.TOTL.ZG,,,,,,,,,,,5.006273615,1.169621803,46.85217572,45.52589784,-0.058090978,1.674299063,52.76633042
Sub-Saharan Africa,SSF,"Inflation, consumer prices (annual %)",FP.CPI.TOTL.ZG,,4.500788563,5.147468002,4.705791237,5.679417711,4.136632131,6.427552781,6.537843953,6.78669789,10.37852448,5.006273615,4.03314139,5.366210929,6.581831051,4.885163876,4.402253092,3.550759674
Small states,SST,"Inflation, consumer prices (annual %)",FP.CPI.TOTL.ZG,,3.067439669,3.414789461,2.628256097,2.445195682,3.158193243,3.475806938,4.09405791,4.965976546,8.758727696,2.516091281,2.999366305,4.795882662,3.635400481,1.923436041,1.641629826,0.961100059
Sao Tome and Principe,STP,"Inflation, consumer prices (annual %)",FP.CPI.TOTL.ZG,,12.20894563,9.222037076,10.12872467,9.792419749,13.28588609,17.15220494,23.07703735,18.54851363,31.99010395,16.9574758,13.34005235,14.32716676,10.63793534,8.105832709,6.99849944,5.24587835
Suriname,SUR,"Inflation, consumer prices (annual %)",FP.CPI.TOTL.ZG,,59.40168655,38.58628789,15.52739892,23.00223218,9.98632512,9.898004896,11.28130433,6.426279345,14.66714274,-0.133636647,6.941082216,17.71177964,5.006863194,1.923436041,3.383412727,6.893903592
Slovak Republic,SVK,"Inflation, consumer prices (annual %)",FP.CPI.TOTL.ZG,,12.0357806,7.329620191,3.12714223,8.554143054,7.548500882,2.709084946,4.483331204,2.756723716,4.598179763,1.615104641,0.957018133,3.919285991,3.606102635,1.40047369,-0.07616533,-0.325219777
Slovenia,SVN,"Inflation, consumer prices (annual %)",FP.CPI.TOTL.ZG,,8.911744187,8.379665875,7.480777707,5.544164218,3.592975942,2.451501323,2.457924442,3.657495633,5.647423806,0.839262247,1.801170221,1.802851719,2.59741386,1.769200859,0.199343827,-0.525552286
Sweden,SWE,"Inflation, consumer prices (annual %)",FP.CPI.TOTL.ZG,,0.899143734,2.405958341,2.158482136,1.925655349,0.373659829,0.453170853,1.360214686,2.212168834,3.437049106,-0.494460544,1.157988027,2.961150738,0.888377507,-0.04429297,-0.179638494,-0.046784745
Eswatini,SWZ,"Inflation, consumer prices (annual %)",FP.CPI.TOTL.ZG,,12.20853585,5.942109823,12.01971547,7.29,3.445335073,4.774004046,5.304639463,8.076088279,12.65746019,7.448234234,4.509236918,6.107427146,8.939646828,5.621306235,5.681348858,4.951244937
Sint Maarten (Dutch part),SXM,"Inflation, consumer prices (annual %)",FP.CPI.TOTL.ZG,,,,,,,,0.300601202,4.432457542,-0.41792902,5.957636888,1.338576217,4.584754357,4.015184211,2.528647885,1.886754663,0.330027165
Seychelles,SYC,"Inflation, consumer prices (annual %)",FP.CPI.TOTL.ZG,,6.268768769,5.969622042,0.175,3.302553864,3.857303914,0.907187718,-0.353465499,5.320600273,36.96475829,31.75444077,-2.404638751,2.559267722,7.110370623,4.338938483,1.385834546,4.041944107
Syrian Arab Republic,SYR,"Inflation, consumer prices (annual %)",FP.CPI.TOTL.ZG,,-3.846153846,3,-0.130505282,5.796829449,4.433141367,7.240349393,10.02411054,3.907709504,15.74532522,2.920897118,4.397413832,4.753163889,36.70229534,,,
Turks and Caicos Islands,TCA,"Inflation, consumer prices (annual %)",FP.CPI.TOTL.ZG,,,,,,,,,,,,,,,,,
Chad,TCD,"Inflation, consumer prices (annual %)",FP.CPI.TOTL.ZG,,3.822600881,12.43128653,5.191818952,-1.752569412,-5.355400289,7.890365675,8.03628898,-8.97473962,10.29697582,9.952422907,-2.077865746,2.029240537,7.516623647,0.222671565,1.681973139,4.377126651
East Asia & Pacific (IDA & IBRD countries),TEA,"Inflation, consumer prices (annual %)",FP.CPI.TOTL.ZG,,2.158518106,4.272670245,2.34316991,3.234648173,4.534213741,4.540369196,4.63747436,4.810237043,10.33682603,3.675033055,3.611962344,5.159004977,3.026963911,2.927583516,3.370406974,1.086486299
Europe & Central Asia (IDA & IBRD countries),TEC,"Inflation, consumer prices (annual %)",FP.CPI.TOTL.ZG,,13.18089059,7.857538522,5.698990479,4.721553366,6.88205439,7.579999291,6.997129035,8.40253419,10.44412838,3.466723732,6.142553602,7.668629556,3.373498084,3.384856461,2.531878314,3.8676347
Togo,TGO,"Inflation, consumer prices (annual %)",FP.CPI.TOTL.ZG,,1.862605955,3.919591337,3.059818575,-0.930000884,0.393078681,6.78292893,2.228977794,0.945673272,8.694828144,3.71360592,1.445945174,3.563514729,2.577181741,1.825394759,0.190875076,2.585003908
Thailand,THA,"Inflation, consumer prices (annual %)",FP.CPI.TOTL.ZG,,1.591969175,1.626908873,0.697308977,1.804349946,2.759149262,4.540369196,4.63747436,2.241540953,5.468489496,-0.845716092,3.247588424,3.808790581,3.014899503,2.184886185,1.895141819,-0.900424963
Tajikistan,TJK,"Inflation, consumer prices (annual %)",FP.CPI.TOTL.ZG,,,38.59188945,12.24998478,16.3034912,7.141965087,7.091932441,10.01086519,13.14912471,20.47052191,6.448234811,6.445314408,12.43154904,5.83116601,5.009646453,6.104427651,5.714559496
Turkmenistan,TKM,"Inflation, consumer prices (annual %)",FP.CPI.TOTL.ZG,,,,,,,,,,,,,,,,,
Latin America & the Caribbean (IDA & IBRD countries),TLA,"Inflation, consumer prices (annual %)",FP.CPI.TOTL.ZG,,5.370701037,5.421937037,4.635496969,4.924643927,4.560205074,4.69511305,4.287909842,5.843975705,8.558182335,2.591946734,3.733377577,5.128923767,4.111509811,2.767896661,3.4381666,3.129002745
Timor-Leste,TLS,"Inflation, consumer prices (annual %)",FP.CPI.TOTL.ZG,,,,,7.165158914,3.23751394,1.111674004,3.936162599,10.30090202,9.064236219,0.669681186,6.765976802,13.49984024,11.80030967,10.98723442,0.848838206,0.646148614
Middle East & North Africa (IDA & IBRD countries),TMN,"Inflation, consumer prices (annual %)",FP.CPI.TOTL.ZG,,2.289219961,2.269757205,2.721032849,4.268953958,3.961800303,3.493685346,6.251724667,4.74390639,12.66285283,3.292900212,3.966779089,5.020099832,6.335285446,4.821019563,2.908202985,1.557907113
Tonga,TON,"Inflation, consumer prices (annual %)",FP.CPI.TOTL.ZG,,6.327635514,8.290283189,10.35906079,11.63862196,10.97340537,8.665692211,6.149116065,5.842248749,10.44698751,1.426859721,3.534912392,6.27075303,1.147538537,0.775629322,2.510876333,-1.05399832
South Asia (IDA & IBRD),TSA,"Inflation, consumer prices (annual %)",FP.CPI.TOTL.ZG,,4.00943591,3.148261446,3.332564933,3.805858995,4.105936983,6.941475411,6.77492886,7.196728975,10.9746442,4.976824477,7.581529776,10.25024503,9.469403359,7.458089097,6.828647805,4.158255891
Sub-Saharan Africa (IDA & IBRD countries),TSS,"Inflation, consumer prices (annual %)",FP.CPI.TOTL.ZG,,4.500788563,5.147468002,4.705791237,5.679417711,4.136632131,6.427552781,6.537843953,6.78669789,10.37852448,5.006273615,4.03314139,5.366210929,6.581831051,4.885163876,4.402253092,3.550759674
Trinidad and Tobago,TTO,"Inflation, consumer prices (annual %)",FP.CPI.TOTL.ZG,,3.555413197,5.536653263,4.150058617,3.811106244,3.72154939,6.874534596,8.329603515,7.894388348,12.03034455,6.978087253,10.54920032,5.107132893,9.260281371,5.199817405,5.684418146,4.661215981
Tunisia,TUN,"Inflation, consumer prices (annual %)",FP.CPI.TOTL.ZG,,2.962307947,1.983333333,2.721032849,2.712592475,3.63228005,2.017786414,3.225253374,2.966944325,4.345028076,3.664903306,3.338979636,3.24002842,4.611844322,5.316235313,4.625550995,4.437371273
Turkiye,TUR,"Inflation, consumer prices (annual %)",FP.CPI.TOTL.ZG,,54.91537058,54.40018876,44.96412095,21.60243845,8.598261681,8.179160368,9.597242123,8.75618091,10.44412838,6.250976631,8.566444206,6.471879671,8.891569965,7.493090305,8.854572714,7.670853648
Tuvalu,TUV,"Inflation, consumer prices (annual %)",FP.CPI.TOTL.ZG,,,,,,,,,,,,,0.500580743,,,,
Tanzania,TZA,"Inflation, consumer prices (annual %)",FP.CPI.TOTL.ZG,,5.923961096,5.147468002,5.317833661,5.303566215,4.735801439,5.034570093,7.250972621,7.02551437,10.27839376,12.14222787,6.200155956,12.69096947,16.00109385,7.870723646,6.13161433,5.58816953
Uganda,UGA,"Inflation, consumer prices (annual %)",FP.CPI.TOTL.ZG,,3.392021585,1.865125241,-0.287508512,8.680476516,3.72128744,8.448726423,7.310676136,6.138510833,12.05085555,13.01725619,3.976552885,16.56434962,12.67903772,4.905208757,3.07570669,5.589686063
Ukraine,UKR,"Inflation, consumer prices (annual %)",FP.CPI.TOTL.ZG,,28.20309724,11.95880854,0.757420846,5.179677819,9.048067861,13.56957649,9.052524911,12.83877962,25.22646171,15.88119246,9.372931051,7.955724663,0.568727972,-0.238948626,12.07185629,48.69986464
Upper middle income,UMC,"Inflation, consumer prices (annual %)",FP.CPI.TOTL.ZG,,4.8906255,6.034819123,5.70951586,4.546900121,4.710370601,4.540369196,4.415899842,5.544384858,9.889997887,2.591946734,3.689012297,5.242485778,3.67591898,2.721775777,3.105901306,1.612661218
Uruguay,URY,"Inflation, consumer prices (annual %)",FP.CPI.TOTL.ZG,,4.763824727,4.359340652,13.97247259,19.37973017,9.157605075,4.69927739,6.397649744,8.114645612,7.877073747,7.062218744,6.69870887,8.092832063,8.097765806,8.57513504,8.877353332,8.666269871
United States,USA,"Inflation, consumer prices (annual %)",FP.CPI.TOTL.ZG,,3.376857271,2.826171119,1.586031627,2.270094973,2.677236693,3.392746845,3.225944101,2.852672482,3.839100297,-0.355546266,1.640043442,3.156841569,2.069337265,1.464832656,1.622222977,0.118627136
Uzbekistan,UZB,"Inflation, consumer prices (annual %)",FP.CPI.TOTL.ZG,,,,,,,,,,,,,13.77974465,13.20880267,11.84143336,9.283093562,8.751881967
St. Vincent and the Grenadines,VCT,"Inflation, consumer prices (annual %)",FP.CPI.TOTL.ZG,,0.167679637,0.900858486,1.85550399,0.205981709,2.960039467,3.733429165,2.740675161,7.236147016,10.06624182,0.421539126,0.747109026,3.186031116,2.598444141,0.805127804,0.193858561,-1.73361195
"Venezuela, RB",VEN,"Inflation, consumer prices (annual %)",FP.CPI.TOTL.ZG,,,,,,,,,,,27.08094145,28.18746471,26.09021232,21.06899563,40.63942752,62.16864998,121.7380853
British Virgin Islands,VGB,"Inflation, consumer prices (annual %)",FP.CPI.TOTL.ZG,,,,,,,,,,,,,,,,,
Virgin Islands (U.S.),VIR,"Inflation, consumer prices (annual %)",FP.CPI.TOTL.ZG,,,,,,,,,,,,,,,,,
Vietnam,VNM,"Inflation, consumer prices (annual %)",FP.CPI.TOTL.ZG,,-1.710337279,-0.431544512,3.830828382,3.234648173,7.754947487,8.284572431,7.418017151,8.344448898,23.11544835,6.7169827,9.207466488,18.67773228,9.094703396,6.592674759,4.084554466,0.631200905
Vanuatu,VUT,"Inflation, consumer prices (annual %)",FP.CPI.TOTL.ZG,,2.537688442,3.577554521,1.963567542,3.016241299,1.418918919,1.199200533,2.040816327,3.935483871,4.841713222,4.29706573,2.762694695,0.873793105,1.347403629,1.458933718,0.798863838,2.483268757
World,WLD,"Inflation, consumer prices (annual %)",FP.CPI.TOTL.ZG,,3.433515634,3.836572621,2.90799857,3.025045263,3.517999031,4.107250707,4.267174634,4.810237043,8.949953354,2.860448559,3.326344634,4.82239636,3.725326661,2.621050017,2.346268657,1.434317634
Samoa,WSM,"Inflation, consumer prices (annual %)",FP.CPI.TOTL.ZG,,0.96678235,3.838284639,8.050314465,0.115830116,16.31315079,1.856763926,3.700086806,5.577063932,11.56590684,6.324953362,0.777007269,5.235415915,2.049018835,0.610085721,-0.406816088,0.724470135
Kosovo,XKX,"Inflation, consumer prices (annual %)",FP.CPI.TOTL.ZG,,,,,-1.084812623,-1.064726966,-1.385189132,0.621646939,4.358496953,9.350417647,-2.410264017,3.480507637,7.336417713,2.476737822,1.767324284,0.428957808,-0.536929393
"Yemen, Rep.",YEM,"Inflation, consumer prices (annual %)",FP.CPI.TOTL.ZG,,4.59,11.91159129,12.23853394,10.8323607,12.51509515,11.81126394,10.84479869,7.90511779,18.97625743,5.407760981,11.17483386,19.54356171,9.885387145,10.96844215,8.104725836,
South Africa,ZAF,"Inflation, consumer prices (annual %)",FP.CPI.TOTL.ZG,,5.338951029,5.701900183,9.494710703,5.679417711,-0.692030271,2.062846165,3.243907765,6.177806835,10.07457552,7.215314136,4.089729895,4.99926697,5.724657917,5.784469097,6.129837703,4.540642277
Zambia,ZMB,"Inflation, consumer prices (annual %)",FP.CPI.TOTL.ZG,,26.03041179,21.39378218,22.23334464,21.40157839,17.96778911,18.3244397,9.019572472,10.6573496,12.44557935,13.39525463,8.501761334,6.429396811,6.575899708,6.977676055,7.806875536,10.11059289
Zimbabwe,ZWE,"Inflation, consumer prices (annual %)",FP.CPI.TOTL.ZG,,,,,,,,,,,,3.022670025,3.466129728,3.725326661,1.634950415,-0.19778481,-2.430968424